[
{
    "fields": {
        "pilots": [],
        "MGLT": "60",
        "starship_class": "corvette",
        "hyperdrive_rating": "2.0"
    },
    "model": "resources.starship",
    "pk": 2
},
{
    "fields": {
        "pilots": [],
        "MGLT": "60",
        "starship_class": "Star Destroyer",
        "hyperdrive_rating": "2.0"
    },
    "model": "resources.starship",
    "pk": 3
},
{
    "fields": {
        "pilots": [],
        "MGLT": "70",
        "starship_class": "landing craft",
        "hyperdrive_rating": "1.0"
    },
    "model": "resources.starship",
    "pk": 5
},
{
    "fields": {
        "pilots": [],
        "MGLT": "10",
        "starship_class": "Deep Space Mobile Battlestation",
        "hyperdrive_rating": "4.0"
    },
    "model": "resources.starship",
    "pk": 9
},
{
    "fields": {
        "pilots": [
            13,
            14,
            25,
            31
        ],
        "MGLT": "75",
        "starship_class": "Light freighter",
        "hyperdrive_rating": "0.5"
    },
    "model": "resources.starship",
    "pk": 10
},
{
    "fields": {
        "pilots": [],
        "MGLT": "80",
        "starship_class": "assault starfighter",
        "hyperdrive_rating": "1.0"
    },
    "model": "resources.starship",
    "pk": 11
},
{
    "fields": {
        "pilots": [
            1,
            9,
            18,
            19
        ],
        "MGLT": "100",
        "starship_class": "Starfighter",
        "hyperdrive_rating": "1.0"
    },
    "model": "resources.starship",
    "pk": 12
},
{
    "fields": {
        "pilots": [
            4
        ],
        "MGLT": "105",
        "starship_class": "Starfighter",
        "hyperdrive_rating": "1.0"
    },
    "model": "resources.starship",
    "pk": 13
},
{
    "fields": {
        "pilots": [],
        "MGLT": "40",
        "starship_class": "Star dreadnought",
        "hyperdrive_rating": "2.0"
    },
    "model": "resources.starship",
    "pk": 15
},
{
    "fields": {
        "pilots": [],
        "MGLT": "20",
        "starship_class": "Medium transport",
        "hyperdrive_rating": "4.0"
    },
    "model": "resources.starship",
    "pk": 17
},
{
    "fields": {
        "pilots": [
            22
        ],
        "MGLT": "70",
        "starship_class": "Patrol craft",
        "hyperdrive_rating": "3.0"
    },
    "model": "resources.starship",
    "pk": 21
},
{
    "fields": {
        "pilots": [
            1,
            13,
            14
        ],
        "MGLT": "50",
        "starship_class": "Armed government transport",
        "hyperdrive_rating": "1.0"
    },
    "model": "resources.starship",
    "pk": 22
},
{
    "fields": {
        "pilots": [],
        "MGLT": "40",
        "starship_class": "Escort ship",
        "hyperdrive_rating": "2.0"
    },
    "model": "resources.starship",
    "pk": 23
},
{
    "fields": {
        "pilots": [],
        "MGLT": "60",
        "starship_class": "Star Cruiser",
        "hyperdrive_rating": "1.0"
    },
    "model": "resources.starship",
    "pk": 27
},
{
    "fields": {
        "pilots": [
            29
        ],
        "MGLT": "120",
        "starship_class": "Starfighter",
        "hyperdrive_rating": "1.0"
    },
    "model": "resources.starship",
    "pk": 28
},
{
    "fields": {
        "pilots": [],
        "MGLT": "91",
        "starship_class": "Assault Starfighter",
        "hyperdrive_rating": "2.0"
    },
    "model": "resources.starship",
    "pk": 29
},
{
    "fields": {
        "pilots": [],
        "MGLT": "unknown",
        "starship_class": "Space cruiser",
        "hyperdrive_rating": "2.0"
    },
    "model": "resources.starship",
    "pk": 31
},
{
    "fields": {
        "pilots": [],
        "MGLT": "unknown",
        "starship_class": "Droid control ship",
        "hyperdrive_rating": "2.0"
    },
    "model": "resources.starship",
    "pk": 32
},
{
    "fields": {
        "pilots": [
            11,
            35,
            60
        ],
        "MGLT": "unknown",
        "starship_class": "Starfighter",
        "hyperdrive_rating": "1.0"
    },
    "model": "resources.starship",
    "pk": 39
},
{
    "fields": {
        "pilots": [
            39
        ],
        "MGLT": "unknown",
        "starship_class": "yacht",
        "hyperdrive_rating": "1.8"
    },
    "model": "resources.starship",
    "pk": 40
},
{
    "fields": {
        "pilots": [
            44
        ],
        "MGLT": "unknown",
        "starship_class": "Space Transport",
        "hyperdrive_rating": "1.5"
    },
    "model": "resources.starship",
    "pk": 41
},
{
    "fields": {
        "pilots": [],
        "MGLT": "unknown",
        "starship_class": "Diplomatic barge",
        "hyperdrive_rating": "0.7"
    },
    "model": "resources.starship",
    "pk": 43
},
{
    "fields": {
        "pilots": [],
        "MGLT": "unknown",
        "starship_class": "freighter",
        "hyperdrive_rating": "unknown"
    },
    "model": "resources.starship",
    "pk": 47
},
{
    "fields": {
        "pilots": [
            10,
            58
        ],
        "MGLT": "unknown",
        "starship_class": "Starfighter",
        "hyperdrive_rating": "1.0"
    },
    "model": "resources.starship",
    "pk": 48
},
{
    "fields": {
        "pilots": [
            35
        ],
        "MGLT": "unknown",
        "starship_class": "yacht",
        "hyperdrive_rating": "0.9"
    },
    "model": "resources.starship",
    "pk": 49
},
{
    "fields": {
        "pilots": [],
        "MGLT": "unknown",
        "starship_class": "assault ship",
        "hyperdrive_rating": "0.6"
    },
    "model": "resources.starship",
    "pk": 52
},
{
    "fields": {
        "pilots": [],
        "MGLT": "unknown",
        "starship_class": "yacht",
        "hyperdrive_rating": "1.5"
    },
    "model": "resources.starship",
    "pk": 58
},
{
    "fields": {
        "pilots": [
            10,
            11
        ],
        "MGLT": "unknown",
        "starship_class": "capital ship",
        "hyperdrive_rating": "1.5"
    },
    "model": "resources.starship",
    "pk": 59
},
{
    "fields": {
        "pilots": [],
        "MGLT": "unknown",
        "starship_class": "transport",
        "hyperdrive_rating": "1.0"
    },
    "model": "resources.starship",
    "pk": 61
},
{
    "fields": {
        "pilots": [],
        "MGLT": "unknown",
        "starship_class": "star destroyer",
        "hyperdrive_rating": "1.0"
    },
    "model": "resources.starship",
    "pk": 63
},
{
    "fields": {
        "pilots": [
            10,
            35
        ],
        "MGLT": "unknown",
        "starship_class": "yacht",
        "hyperdrive_rating": "0.5"
    },
    "model": "resources.starship",
    "pk": 64
},
{
    "fields": {
        "pilots": [
            10,
            11
        ],
        "MGLT": "unknown",
        "starship_class": "starfighter",
        "hyperdrive_rating": "1.0"
    },
    "model": "resources.starship",
    "pk": 65
},
{
    "fields": {
        "pilots": [],
        "MGLT": "100",
        "starship_class": "starfighter",
        "hyperdrive_rating": "1.0"
    },
    "model": "resources.starship",
    "pk": 66
},
{
    "fields": {
        "pilots": [],
        "MGLT": "unknown",
        "starship_class": "cruiser",
        "hyperdrive_rating": "1.0"
    },
    "model": "resources.starship",
    "pk": 68
},
{
    "fields": {
        "pilots": [
            10,
            79
        ],
        "MGLT": "unknown",
        "starship_class": "starfighter",
        "hyperdrive_rating": "6"
    },
    "model": "resources.starship",
    "pk": 74
},
{
    "fields": {
        "pilots": [],
        "MGLT": "unknown",
        "starship_class": "starfighter",
        "hyperdrive_rating": "1.0"
    },
    "model": "resources.starship",
    "pk": 75
}
]
