[
{
    "fields": {
        "edited": "2014-12-20T21:23:49.867Z",
        "consumables": "1 year",
        "name": "CR90 corvette",
        "created": "2014-12-10T14:20:33.369Z",
        "cargo_capacity": "3000000",
        "passengers": "600",
        "max_atmosphering_speed": "950",
        "crew": "30-165",
        "length": "150",
        "model": "CR90 corvette",
        "cost_in_credits": "3500000",
        "manufacturer": "Corellian Engineering Corporation"
    },
    "model": "resources.transport",
    "pk": 2
},
{
    "fields": {
        "edited": "2014-12-20T21:23:49.870Z",
        "consumables": "2 years",
        "name": "Star Destroyer",
        "created": "2014-12-10T15:08:19.848Z",
        "cargo_capacity": "36000000",
        "passengers": "n/a",
        "max_atmosphering_speed": "975",
        "crew": "47,060",
        "length": "1,600",
        "model": "Imperial I-class Star Destroyer",
        "cost_in_credits": "150000000",
        "manufacturer": "Kuat Drive Yards"
    },
    "model": "resources.transport",
    "pk": 3
},
{
    "fields": {
        "edited": "2014-12-20T21:30:21.661Z",
        "consumables": "2 months",
        "name": "Sand Crawler",
        "created": "2014-12-10T15:36:25.724Z",
        "cargo_capacity": "50000",
        "passengers": "30",
        "max_atmosphering_speed": "30",
        "crew": "46",
        "length": "36.8 ",
        "model": "Digger Crawler",
        "cost_in_credits": "150000",
        "manufacturer": "Corellia Mining Corporation"
    },
    "model": "resources.transport",
    "pk": 4
},
{
    "fields": {
        "edited": "2014-12-20T21:23:49.873Z",
        "consumables": "1 month",
        "name": "Sentinel-class landing craft",
        "created": "2014-12-10T15:48:00.586Z",
        "cargo_capacity": "180000",
        "passengers": "75",
        "max_atmosphering_speed": "1000",
        "crew": "5",
        "length": "38",
        "model": "Sentinel-class landing craft",
        "cost_in_credits": "240000",
        "manufacturer": "Sienar Fleet Systems, Cyngus Spaceworks"
    },
    "model": "resources.transport",
    "pk": 5
},
{
    "fields": {
        "edited": "2014-12-20T21:30:21.665Z",
        "consumables": "0",
        "name": "T-16 skyhopper",
        "created": "2014-12-10T16:01:52.434Z",
        "cargo_capacity": "50",
        "passengers": "1",
        "max_atmosphering_speed": "1200",
        "crew": "1",
        "length": "10.4 ",
        "model": "T-16 skyhopper",
        "cost_in_credits": "14500",
        "manufacturer": "Incom Corporation"
    },
    "model": "resources.transport",
    "pk": 6
},
{
    "fields": {
        "edited": "2014-12-20T21:30:21.668Z",
        "consumables": "unknown",
        "name": "X-34 landspeeder",
        "created": "2014-12-10T16:13:52.586Z",
        "cargo_capacity": "5",
        "passengers": "1",
        "max_atmosphering_speed": "250",
        "crew": "1",
        "length": "3.4 ",
        "model": "X-34 landspeeder",
        "cost_in_credits": "10550",
        "manufacturer": "SoroSuub Corporation"
    },
    "model": "resources.transport",
    "pk": 7
},
{
    "fields": {
        "edited": "2014-12-20T21:30:21.670Z",
        "consumables": "2 days",
        "name": "TIE/LN starfighter",
        "created": "2014-12-10T16:33:52.860Z",
        "cargo_capacity": "65",
        "passengers": "0",
        "max_atmosphering_speed": "1200",
        "crew": "1",
        "length": "6.4",
        "model": "Twin Ion Engine/Ln Starfighter",
        "cost_in_credits": "unknown",
        "manufacturer": "Sienar Fleet Systems"
    },
    "model": "resources.transport",
    "pk": 8
},
{
    "fields": {
        "edited": "2014-12-20T21:26:24.783Z",
        "consumables": "3 years",
        "name": "Death Star",
        "created": "2014-12-10T16:36:50.509Z",
        "cargo_capacity": "1000000000000",
        "passengers": "843,342",
        "max_atmosphering_speed": "n/a",
        "crew": "342,953",
        "length": "120000",
        "model": "DS-1 Orbital Battle Station",
        "cost_in_credits": "1000000000000",
        "manufacturer": "Imperial Department of Military Research, Sienar Fleet Systems"
    },
    "model": "resources.transport",
    "pk": 9
},
{
    "fields": {
        "edited": "2014-12-20T21:23:49.880Z",
        "consumables": "2 months",
        "name": "Millennium Falcon",
        "created": "2014-12-10T16:59:45.094Z",
        "cargo_capacity": "100000",
        "passengers": "6",
        "max_atmosphering_speed": "1050",
        "crew": "4",
        "length": "34.37",
        "model": "YT-1300 light freighter",
        "cost_in_credits": "100000",
        "manufacturer": "Corellian Engineering Corporation"
    },
    "model": "resources.transport",
    "pk": 10
},
{
    "fields": {
        "edited": "2014-12-20T21:23:49.883Z",
        "consumables": "1 week",
        "name": "Y-wing",
        "created": "2014-12-12T11:00:39.817Z",
        "cargo_capacity": "110",
        "passengers": "0",
        "max_atmosphering_speed": "1000km",
        "crew": "2",
        "length": "14",
        "model": "BTL Y-wing",
        "cost_in_credits": "134999",
        "manufacturer": "Koensayr Manufacturing"
    },
    "model": "resources.transport",
    "pk": 11
},
{
    "fields": {
        "edited": "2014-12-20T21:23:49.886Z",
        "consumables": "1 week",
        "name": "X-wing",
        "created": "2014-12-12T11:19:05.340Z",
        "cargo_capacity": "110",
        "passengers": "0",
        "max_atmosphering_speed": "1050",
        "crew": "1",
        "length": "12.5",
        "model": "T-65 X-wing",
        "cost_in_credits": "149999",
        "manufacturer": "Incom Corporation"
    },
    "model": "resources.transport",
    "pk": 12
},
{
    "fields": {
        "edited": "2014-12-20T21:23:49.889Z",
        "consumables": "5 days",
        "name": "TIE Advanced x1",
        "created": "2014-12-12T11:21:32.991Z",
        "cargo_capacity": "150",
        "passengers": "0",
        "max_atmosphering_speed": "1200",
        "crew": "1",
        "length": "9.2",
        "model": "Twin Ion Engine Advanced x1",
        "cost_in_credits": "unknown",
        "manufacturer": "Sienar Fleet Systems"
    },
    "model": "resources.transport",
    "pk": 13
},
{
    "fields": {
        "edited": "2014-12-20T21:30:21.672Z",
        "consumables": "none",
        "name": "Snowspeeder",
        "created": "2014-12-15T12:22:12Z",
        "cargo_capacity": "10",
        "passengers": "0",
        "max_atmosphering_speed": "650",
        "crew": "2",
        "length": "4.5",
        "model": "t-47 airspeeder",
        "cost_in_credits": "unknown",
        "manufacturer": "Incom corporation"
    },
    "model": "resources.transport",
    "pk": 14
},
{
    "fields": {
        "edited": "2014-12-20T21:23:49.893Z",
        "consumables": "6 years",
        "name": "Executor",
        "created": "2014-12-15T12:31:42.547Z",
        "cargo_capacity": "250000000",
        "passengers": "38000",
        "max_atmosphering_speed": "n/a",
        "crew": "279,144",
        "length": "19000",
        "model": "Executor-class star dreadnought",
        "cost_in_credits": "1143350000",
        "manufacturer": "Kuat Drive Yards, Fondor Shipyards"
    },
    "model": "resources.transport",
    "pk": 15
},
{
    "fields": {
        "edited": "2014-12-20T21:30:21.675Z",
        "consumables": "2 days",
        "name": "TIE bomber",
        "created": "2014-12-15T12:33:15.838Z",
        "cargo_capacity": "none",
        "passengers": "0",
        "max_atmosphering_speed": "850",
        "crew": "1",
        "length": "7.8",
        "model": "TIE/sa bomber",
        "cost_in_credits": "unknown",
        "manufacturer": "Sienar Fleet Systems"
    },
    "model": "resources.transport",
    "pk": 16
},
{
    "fields": {
        "edited": "2014-12-20T21:23:49.895Z",
        "consumables": "6 months",
        "name": "Rebel transport",
        "created": "2014-12-15T12:34:52.264Z",
        "cargo_capacity": "19000000",
        "passengers": "90",
        "max_atmosphering_speed": "650",
        "crew": "6",
        "length": "90",
        "model": "GR-75 medium transport",
        "cost_in_credits": "unknown",
        "manufacturer": "Gallofree Yards, Inc."
    },
    "model": "resources.transport",
    "pk": 17
},
{
    "fields": {
        "edited": "2014-12-20T21:30:21.677Z",
        "consumables": "unknown",
        "name": "AT-AT",
        "created": "2014-12-15T12:38:25.937Z",
        "cargo_capacity": "1000",
        "passengers": "40",
        "max_atmosphering_speed": "60",
        "crew": "5",
        "length": "20",
        "model": "All Terrain Armored Transport",
        "cost_in_credits": "unknown",
        "manufacturer": "Kuat Drive Yards, Imperial Department of Military Research"
    },
    "model": "resources.transport",
    "pk": 18
},
{
    "fields": {
        "edited": "2014-12-20T21:30:21.679Z",
        "consumables": "none",
        "name": "AT-ST",
        "created": "2014-12-15T12:46:42.384Z",
        "cargo_capacity": "200",
        "passengers": "0",
        "max_atmosphering_speed": "90",
        "crew": "2",
        "length": "2",
        "model": "All Terrain Scout Transport",
        "cost_in_credits": "unknown",
        "manufacturer": "Kuat Drive Yards, Imperial Department of Military Research"
    },
    "model": "resources.transport",
    "pk": 19
},
{
    "fields": {
        "edited": "2014-12-20T21:30:21.681Z",
        "consumables": "1 day",
        "name": "Storm IV Twin-Pod cloud car",
        "created": "2014-12-15T12:58:50.530Z",
        "cargo_capacity": "10",
        "passengers": "0",
        "max_atmosphering_speed": "1500",
        "crew": "2",
        "length": "7",
        "model": "Storm IV Twin-Pod",
        "cost_in_credits": "75000",
        "manufacturer": "Bespin Motors"
    },
    "model": "resources.transport",
    "pk": 20
},
{
    "fields": {
        "edited": "2014-12-20T21:23:49.897Z",
        "consumables": "1 month",
        "name": "Slave 1",
        "created": "2014-12-15T13:00:56.332Z",
        "cargo_capacity": "70000",
        "passengers": "6",
        "max_atmosphering_speed": "1000",
        "crew": "1",
        "length": "21.5",
        "model": "Firespray-31-class patrol and attack",
        "cost_in_credits": "unknown",
        "manufacturer": "Kuat Systems Engineering"
    },
    "model": "resources.transport",
    "pk": 21
},
{
    "fields": {
        "edited": "2014-12-20T21:23:49.900Z",
        "consumables": "2 months",
        "name": "Imperial shuttle",
        "created": "2014-12-15T13:04:47.235Z",
        "cargo_capacity": "80000",
        "passengers": "20",
        "max_atmosphering_speed": "850",
        "crew": "6",
        "length": "20",
        "model": "Lambda-class T-4a shuttle",
        "cost_in_credits": "240000",
        "manufacturer": "Sienar Fleet Systems"
    },
    "model": "resources.transport",
    "pk": 22
},
{
    "fields": {
        "edited": "2014-12-20T21:23:49.902Z",
        "consumables": "2 years",
        "name": "EF76 Nebulon-B escort frigate",
        "created": "2014-12-15T13:06:30.813Z",
        "cargo_capacity": "6000000",
        "passengers": "75",
        "max_atmosphering_speed": "800",
        "crew": "854",
        "length": "300",
        "model": "EF76 Nebulon-B escort frigate",
        "cost_in_credits": "8500000",
        "manufacturer": "Kuat Drive Yards"
    },
    "model": "resources.transport",
    "pk": 23
},
{
    "fields": {
        "edited": "2014-12-20T21:30:21.684Z",
        "consumables": "Live food tanks",
        "name": "Sail barge",
        "created": "2014-12-18T10:44:14.217Z",
        "cargo_capacity": "2000000",
        "passengers": "500",
        "max_atmosphering_speed": "100",
        "crew": "26",
        "length": "30",
        "model": "Modified Luxury Sail Barge",
        "cost_in_credits": "285000",
        "manufacturer": "Ubrikkian Industries Custom Vehicle Division"
    },
    "model": "resources.transport",
    "pk": 24
},
{
    "fields": {
        "edited": "2014-12-20T21:30:21.688Z",
        "consumables": "1 day",
        "name": "Bantha-II cargo skiff",
        "created": "2014-12-18T10:48:03.208Z",
        "cargo_capacity": "135000",
        "passengers": "16",
        "max_atmosphering_speed": "250",
        "crew": "5",
        "length": "9.5",
        "model": "Bantha-II",
        "cost_in_credits": "8000",
        "manufacturer": "Ubrikkian Industries"
    },
    "model": "resources.transport",
    "pk": 25
},
{
    "fields": {
        "edited": "2014-12-20T21:30:21.691Z",
        "consumables": "2 days",
        "name": "TIE/IN interceptor",
        "created": "2014-12-18T10:50:28.225Z",
        "cargo_capacity": "75",
        "passengers": "0",
        "max_atmosphering_speed": "1250",
        "crew": "1",
        "length": "9.6",
        "model": "Twin Ion Engine Interceptor",
        "cost_in_credits": "unknown",
        "manufacturer": "Sienar Fleet Systems"
    },
    "model": "resources.transport",
    "pk": 26
},
{
    "fields": {
        "edited": "2014-12-20T21:23:49.904Z",
        "consumables": "2 years",
        "name": "Calamari Cruiser",
        "created": "2014-12-18T10:54:57.804Z",
        "cargo_capacity": "unknown",
        "passengers": "1200",
        "max_atmosphering_speed": "n/a",
        "crew": "5400",
        "length": "1200",
        "model": "MC80 Liberty type Star Cruiser",
        "cost_in_credits": "104000000",
        "manufacturer": "Mon Calamari shipyards"
    },
    "model": "resources.transport",
    "pk": 27
},
{
    "fields": {
        "edited": "2014-12-20T21:23:49.907Z",
        "consumables": "1 week",
        "name": "A-wing",
        "created": "2014-12-18T11:16:34.542Z",
        "cargo_capacity": "40",
        "passengers": "0",
        "max_atmosphering_speed": "1300",
        "crew": "1",
        "length": "9.6",
        "model": "RZ-1 A-wing Interceptor",
        "cost_in_credits": "175000",
        "manufacturer": "Alliance Underground Engineering, Incom Corporation"
    },
    "model": "resources.transport",
    "pk": 28
},
{
    "fields": {
        "edited": "2014-12-20T21:23:49.909Z",
        "consumables": "1 week",
        "name": "B-wing",
        "created": "2014-12-18T11:18:04.763Z",
        "cargo_capacity": "45",
        "passengers": "0",
        "max_atmosphering_speed": "950",
        "crew": "1",
        "length": "16.9",
        "model": "A/SF-01 B-wing starfighter",
        "cost_in_credits": "220000",
        "manufacturer": "Slayn & Korpil"
    },
    "model": "resources.transport",
    "pk": 29
},
{
    "fields": {
        "edited": "2014-12-20T21:30:21.693Z",
        "consumables": "1 day",
        "name": "Imperial Speeder Bike",
        "created": "2014-12-18T11:20:04.625Z",
        "cargo_capacity": "4",
        "passengers": "1",
        "max_atmosphering_speed": "360",
        "crew": "1",
        "length": "3",
        "model": "74-Z speeder bike",
        "cost_in_credits": "8000",
        "manufacturer": "Aratech Repulsor Company"
    },
    "model": "resources.transport",
    "pk": 30
},
{
    "fields": {
        "edited": "2014-12-20T21:23:49.912Z",
        "consumables": "unknown",
        "name": "Republic Cruiser",
        "created": "2014-12-19T17:01:31.488Z",
        "cargo_capacity": "unknown",
        "passengers": "16",
        "max_atmosphering_speed": "900",
        "crew": "9",
        "length": "115",
        "model": "Consular-class cruiser",
        "cost_in_credits": "unknown",
        "manufacturer": "Corellian Engineering Corporation"
    },
    "model": "resources.transport",
    "pk": 31
},
{
    "fields": {
        "edited": "2014-12-20T21:23:49.915Z",
        "consumables": "500 days",
        "name": "Droid control ship",
        "created": "2014-12-19T17:04:06.323Z",
        "cargo_capacity": "4000000000",
        "passengers": "139000",
        "max_atmosphering_speed": "n/a",
        "crew": "175",
        "length": "3170",
        "model": "Lucrehulk-class Droid Control Ship",
        "cost_in_credits": "unknown",
        "manufacturer": "Hoersch-Kessel Drive, Inc."
    },
    "model": "resources.transport",
    "pk": 32
},
{
    "fields": {
        "edited": "2014-12-20T21:30:21.697Z",
        "consumables": "none",
        "name": "Vulture Droid",
        "created": "2014-12-19T17:09:53.584Z",
        "cargo_capacity": "0",
        "passengers": "0",
        "max_atmosphering_speed": "1200",
        "crew": "0",
        "length": "3.5",
        "model": "Vulture-class droid starfighter",
        "cost_in_credits": "unknown",
        "manufacturer": "Haor Chall Engineering, Baktoid Armor Workshop"
    },
    "model": "resources.transport",
    "pk": 33
},
{
    "fields": {
        "edited": "2014-12-20T21:30:21.700Z",
        "consumables": "unknown",
        "name": "Multi-Troop Transport",
        "created": "2014-12-19T17:12:04.400Z",
        "cargo_capacity": "12000",
        "passengers": "112",
        "max_atmosphering_speed": "35",
        "crew": "4",
        "length": "31",
        "model": "Multi-Troop Transport",
        "cost_in_credits": "138000",
        "manufacturer": "Baktoid Armor Workshop"
    },
    "model": "resources.transport",
    "pk": 34
},
{
    "fields": {
        "edited": "2014-12-20T21:30:21.703Z",
        "consumables": "unknown",
        "name": "Armored Assault Tank",
        "created": "2014-12-19T17:13:29.799Z",
        "cargo_capacity": "unknown",
        "passengers": "6",
        "max_atmosphering_speed": "55",
        "crew": "4",
        "length": "9.75",
        "model": "Armoured Assault Tank",
        "cost_in_credits": "unknown",
        "manufacturer": "Baktoid Armor Workshop"
    },
    "model": "resources.transport",
    "pk": 35
},
{
    "fields": {
        "edited": "2014-12-20T21:30:21.705Z",
        "consumables": "none",
        "name": "Single Trooper Aerial Platform",
        "created": "2014-12-19T17:15:09.511Z",
        "cargo_capacity": "none",
        "passengers": "0",
        "max_atmosphering_speed": "400",
        "crew": "1",
        "length": "2",
        "model": "Single Trooper Aerial Platform",
        "cost_in_credits": "2500",
        "manufacturer": "Baktoid Armor Workshop"
    },
    "model": "resources.transport",
    "pk": 36
},
{
    "fields": {
        "edited": "2014-12-20T21:30:21.707Z",
        "consumables": "1 day",
        "name": "C-9979 landing craft",
        "created": "2014-12-19T17:20:36.373Z",
        "cargo_capacity": "1800000",
        "passengers": "284",
        "max_atmosphering_speed": "587",
        "crew": "140",
        "length": "210",
        "model": "C-9979 landing craft",
        "cost_in_credits": "200000",
        "manufacturer": "Haor Chall Engineering"
    },
    "model": "resources.transport",
    "pk": 37
},
{
    "fields": {
        "edited": "2014-12-20T21:30:21.710Z",
        "consumables": "unknown",
        "name": "Tribubble bongo",
        "created": "2014-12-19T17:37:37.924Z",
        "cargo_capacity": "1600",
        "passengers": "2",
        "max_atmosphering_speed": "85",
        "crew": "1",
        "length": "15",
        "model": "Tribubble bongo",
        "cost_in_credits": "unknown",
        "manufacturer": "Otoh Gunga Bongameken Cooperative"
    },
    "model": "resources.transport",
    "pk": 38
},
{
    "fields": {
        "edited": "2014-12-20T21:23:49.917Z",
        "consumables": "7 days",
        "name": "Naboo fighter",
        "created": "2014-12-19T17:39:17.582Z",
        "cargo_capacity": "65",
        "passengers": "0",
        "max_atmosphering_speed": "1100",
        "crew": "1",
        "length": "11",
        "model": "N-1 starfighter",
        "cost_in_credits": "200000",
        "manufacturer": "Theed Palace Space Vessel Engineering Corps"
    },
    "model": "resources.transport",
    "pk": 39
},
{
    "fields": {
        "edited": "2014-12-20T21:23:49.919Z",
        "consumables": "unknown",
        "name": "Naboo Royal Starship",
        "created": "2014-12-19T17:45:03.506Z",
        "cargo_capacity": "unknown",
        "passengers": "unknown",
        "max_atmosphering_speed": "920",
        "crew": "8",
        "length": "76",
        "model": "J-type 327 Nubian royal starship",
        "cost_in_credits": "unknown",
        "manufacturer": "Theed Palace Space Vessel Engineering Corps, Nubia Star Drives"
    },
    "model": "resources.transport",
    "pk": 40
},
{
    "fields": {
        "edited": "2014-12-20T21:23:49.922Z",
        "consumables": "30 days",
        "name": "Scimitar",
        "created": "2014-12-20T09:39:56.116Z",
        "cargo_capacity": "2500000",
        "passengers": "6",
        "max_atmosphering_speed": "1180",
        "crew": "1",
        "length": "26.5",
        "model": "Star Courier",
        "cost_in_credits": "55000000",
        "manufacturer": "Republic Sienar Systems"
    },
    "model": "resources.transport",
    "pk": 41
},
{
    "fields": {
        "edited": "2014-12-20T21:30:21.712Z",
        "consumables": "unknown",
        "name": "Sith speeder",
        "created": "2014-12-20T10:09:56.095Z",
        "cargo_capacity": "2",
        "passengers": "0",
        "max_atmosphering_speed": "180",
        "crew": "1",
        "length": "1.5",
        "model": "FC-20 speeder bike",
        "cost_in_credits": "4000",
        "manufacturer": "Razalon"
    },
    "model": "resources.transport",
    "pk": 42
},
{
    "fields": {
        "edited": "2014-12-20T21:23:49.925Z",
        "consumables": "1 year",
        "name": "J-type diplomatic barge",
        "created": "2014-12-20T11:05:51.237Z",
        "cargo_capacity": "unknown",
        "passengers": "10",
        "max_atmosphering_speed": "2000",
        "crew": "5",
        "length": "39",
        "model": "J-type diplomatic barge",
        "cost_in_credits": "2000000",
        "manufacturer": "Theed Palace Space Vessel Engineering Corps, Nubia Star Drives"
    },
    "model": "resources.transport",
    "pk": 43
},
{
    "fields": {
        "edited": "2014-12-20T21:30:21.714Z",
        "consumables": "none",
        "name": "Zephyr-G swoop bike",
        "created": "2014-12-20T16:24:16.026Z",
        "cargo_capacity": "200",
        "passengers": "1",
        "max_atmosphering_speed": "350",
        "crew": "1",
        "length": "3.68",
        "model": "Zephyr-G swoop bike",
        "cost_in_credits": "5750",
        "manufacturer": "Mobquet Swoops and Speeders"
    },
    "model": "resources.transport",
    "pk": 44
},
{
    "fields": {
        "edited": "2014-12-20T21:30:21.716Z",
        "consumables": "unknown",
        "name": "Koro-2 Exodrive airspeeder",
        "created": "2014-12-20T17:17:33.526Z",
        "cargo_capacity": "80",
        "passengers": "1",
        "max_atmosphering_speed": "800",
        "crew": "1",
        "length": "6.6",
        "model": "Koro-2 Exodrive airspeeder",
        "cost_in_credits": "unknown",
        "manufacturer": "Desler Gizh Outworld Mobility Corporation"
    },
    "model": "resources.transport",
    "pk": 45
},
{
    "fields": {
        "edited": "2014-12-20T21:30:21.719Z",
        "consumables": "unknown",
        "name": "XJ-6 airspeeder",
        "created": "2014-12-20T17:19:19.991Z",
        "cargo_capacity": "unknown",
        "passengers": "1",
        "max_atmosphering_speed": "720",
        "crew": "1",
        "length": "6.23",
        "model": "XJ-6 airspeeder",
        "cost_in_credits": "unknown",
        "manufacturer": "Narglatch AirTech prefabricated kit"
    },
    "model": "resources.transport",
    "pk": 46
},
{
    "fields": {
        "edited": "2014-12-20T21:23:49.928Z",
        "consumables": "unknown",
        "name": "AA-9 Coruscant freighter",
        "created": "2014-12-20T17:24:23.509Z",
        "cargo_capacity": "unknown",
        "passengers": "30000",
        "max_atmosphering_speed": "unknown",
        "crew": "unknown",
        "length": "390",
        "model": "Botajef AA-9 Freighter-Liner",
        "cost_in_credits": "unknown",
        "manufacturer": "Botajef Shipyards"
    },
    "model": "resources.transport",
    "pk": 47
},
{
    "fields": {
        "edited": "2014-12-20T21:23:49.930Z",
        "consumables": "7 days",
        "name": "Jedi starfighter",
        "created": "2014-12-20T17:35:23.906Z",
        "cargo_capacity": "60",
        "passengers": "0",
        "max_atmosphering_speed": "1150",
        "crew": "1",
        "length": "8",
        "model": "Delta-7 Aethersprite-class interceptor",
        "cost_in_credits": "180000",
        "manufacturer": "Kuat Systems Engineering"
    },
    "model": "resources.transport",
    "pk": 48
},
{
    "fields": {
        "edited": "2014-12-20T21:23:49.932Z",
        "consumables": "unknown",
        "name": "H-type Nubian yacht",
        "created": "2014-12-20T17:46:46.847Z",
        "cargo_capacity": "unknown",
        "passengers": "unknown",
        "max_atmosphering_speed": "8000",
        "crew": "4",
        "length": "47.9",
        "model": "H-type Nubian yacht",
        "cost_in_credits": "unknown",
        "manufacturer": "Theed Palace Space Vessel Engineering Corps"
    },
    "model": "resources.transport",
    "pk": 49
},
{
    "fields": {
        "edited": "2014-12-20T21:30:21.723Z",
        "consumables": "unknown",
        "name": "LAAT/i",
        "created": "2014-12-20T18:01:21.014Z",
        "cargo_capacity": "170",
        "passengers": "30",
        "max_atmosphering_speed": "620",
        "crew": "6",
        "length": "17.4",
        "model": "Low Altitude Assault Transport/infrantry",
        "cost_in_credits": "unknown",
        "manufacturer": "Rothana Heavy Engineering"
    },
    "model": "resources.transport",
    "pk": 50
},
{
    "fields": {
        "edited": "2014-12-20T21:30:21.725Z",
        "consumables": "unknown",
        "name": "LAAT/c",
        "created": "2014-12-20T18:02:46.802Z",
        "cargo_capacity": "40000",
        "passengers": "0",
        "max_atmosphering_speed": "620",
        "crew": "1",
        "length": "28.82",
        "model": "Low Altitude Assault Transport/carrier",
        "cost_in_credits": "unknown",
        "manufacturer": "Rothana Heavy Engineering"
    },
    "model": "resources.transport",
    "pk": 51
},
{
    "fields": {
        "edited": "2014-12-20T21:23:49.935Z",
        "consumables": "2 years",
        "name": "Republic Assault ship",
        "created": "2014-12-20T18:08:42.926Z",
        "cargo_capacity": "11250000",
        "passengers": "16000",
        "max_atmosphering_speed": "unknown",
        "crew": "700",
        "length": "752",
        "model": "Acclamator I-class assault ship",
        "cost_in_credits": "unknown",
        "manufacturer": "Rothana Heavy Engineering"
    },
    "model": "resources.transport",
    "pk": 52
},
{
    "fields": {
        "edited": "2014-12-20T21:30:21.728Z",
        "consumables": "21 days",
        "name": "AT-TE",
        "created": "2014-12-20T18:10:07.560Z",
        "cargo_capacity": "10000",
        "passengers": "36",
        "max_atmosphering_speed": "60",
        "crew": "6",
        "length": "13.2",
        "model": "All Terrain Tactical Enforcer",
        "cost_in_credits": "unknown",
        "manufacturer": "Rothana Heavy Engineering, Kuat Drive Yards"
    },
    "model": "resources.transport",
    "pk": 53
},
{
    "fields": {
        "edited": "2014-12-20T21:30:21.731Z",
        "consumables": "7 days",
        "name": "SPHA",
        "created": "2014-12-20T18:12:32.315Z",
        "cargo_capacity": "500",
        "passengers": "30",
        "max_atmosphering_speed": "35",
        "crew": "25",
        "length": "140",
        "model": "Self-Propelled Heavy Artillery",
        "cost_in_credits": "unknown",
        "manufacturer": "Rothana Heavy Engineering"
    },
    "model": "resources.transport",
    "pk": 54
},
{
    "fields": {
        "edited": "2014-12-20T21:30:21.735Z",
        "consumables": "unknown",
        "name": "Flitknot speeder",
        "created": "2014-12-20T18:15:20.312Z",
        "cargo_capacity": "unknown",
        "passengers": "0",
        "max_atmosphering_speed": "634",
        "crew": "1",
        "length": "2",
        "model": "Flitknot speeder",
        "cost_in_credits": "8000",
        "manufacturer": "Huppla Pasa Tisc Shipwrights Collective"
    },
    "model": "resources.transport",
    "pk": 55
},
{
    "fields": {
        "edited": "2014-12-20T21:30:21.739Z",
        "consumables": "7 days",
        "name": "Neimoidian shuttle",
        "created": "2014-12-20T18:25:44.912Z",
        "cargo_capacity": "1000",
        "passengers": "6",
        "max_atmosphering_speed": "880",
        "crew": "2",
        "length": "20",
        "model": "Sheathipede-class transport shuttle",
        "cost_in_credits": "unknown",
        "manufacturer": "Haor Chall Engineering"
    },
    "model": "resources.transport",
    "pk": 56
},
{
    "fields": {
        "edited": "2014-12-20T21:30:21.742Z",
        "consumables": "unknown",
        "name": "Geonosian starfighter",
        "created": "2014-12-20T18:34:12.541Z",
        "cargo_capacity": "unknown",
        "passengers": "0",
        "max_atmosphering_speed": "20000",
        "crew": "1",
        "length": "9.8",
        "model": "Nantex-class territorial defense",
        "cost_in_credits": "unknown",
        "manufacturer": "Huppla Pasa Tisc Shipwrights Collective"
    },
    "model": "resources.transport",
    "pk": 57
},
{
    "fields": {
        "edited": "2014-12-20T21:23:49.937Z",
        "consumables": "7 days",
        "name": "Solar Sailer",
        "created": "2014-12-20T18:37:56.969Z",
        "cargo_capacity": "240",
        "passengers": "11",
        "max_atmosphering_speed": "1600",
        "crew": "3",
        "length": "15.2",
        "model": "Punworcca 116-class interstellar sloop",
        "cost_in_credits": "35700",
        "manufacturer": "Huppla Pasa Tisc Shipwrights Collective"
    },
    "model": "resources.transport",
    "pk": 58
},
{
    "fields": {
        "edited": "2014-12-20T21:23:49.941Z",
        "consumables": "4 years",
        "name": "Trade Federation cruiser",
        "created": "2014-12-20T19:40:21.902Z",
        "cargo_capacity": "50000000",
        "passengers": "48247",
        "max_atmosphering_speed": "1050",
        "crew": "600",
        "length": "1088",
        "model": "Providence-class carrier/destroyer",
        "cost_in_credits": "125000000",
        "manufacturer": "Rendili StarDrive, Free Dac Volunteers Engineering corps."
    },
    "model": "resources.transport",
    "pk": 59
},
{
    "fields": {
        "edited": "2014-12-20T21:30:21.745Z",
        "consumables": "none",
        "name": "Tsmeu-6 personal wheel bike",
        "created": "2014-12-20T19:43:54.870Z",
        "cargo_capacity": "10",
        "passengers": "1",
        "max_atmosphering_speed": "330",
        "crew": "1",
        "length": "3.5",
        "model": "Tsmeu-6 personal wheel bike",
        "cost_in_credits": "15000",
        "manufacturer": "Z-Gomot Ternbuell Guppat Corporation"
    },
    "model": "resources.transport",
    "pk": 60
},
{
    "fields": {
        "edited": "2014-12-20T21:23:49.944Z",
        "consumables": "56 days",
        "name": "Theta-class T-2c shuttle",
        "created": "2014-12-20T19:48:40.409Z",
        "cargo_capacity": "50000",
        "passengers": "16",
        "max_atmosphering_speed": "2000",
        "crew": "5",
        "length": "18.5",
        "model": "Theta-class T-2c shuttle",
        "cost_in_credits": "1000000",
        "manufacturer": "Cygnus Spaceworks"
    },
    "model": "resources.transport",
    "pk": 61
},
{
    "fields": {
        "edited": "2014-12-20T21:30:21.749Z",
        "consumables": "unknown",
        "name": "Emergency Firespeeder",
        "created": "2014-12-20T19:50:58.559Z",
        "cargo_capacity": "unknown",
        "passengers": "unknown",
        "max_atmosphering_speed": "unknown",
        "crew": "2",
        "length": "unknown",
        "model": "Fire suppression speeder",
        "cost_in_credits": "unknown",
        "manufacturer": "unknown"
    },
    "model": "resources.transport",
    "pk": 62
},
{
    "fields": {
        "edited": "2014-12-20T21:23:49.946Z",
        "consumables": "2 years",
        "name": "Republic attack cruiser",
        "created": "2014-12-20T19:52:56.232Z",
        "cargo_capacity": "20000000",
        "passengers": "2000",
        "max_atmosphering_speed": "975",
        "crew": "7400",
        "length": "1137",
        "model": "Senator-class Star Destroyer",
        "cost_in_credits": "59000000",
        "manufacturer": "Kuat Drive Yards, Allanteen Six shipyards"
    },
    "model": "resources.transport",
    "pk": 63
},
{
    "fields": {
        "edited": "2014-12-20T21:23:49.948Z",
        "consumables": "unknown",
        "name": "Naboo star skiff",
        "created": "2014-12-20T19:55:15.396Z",
        "cargo_capacity": "unknown",
        "passengers": "3",
        "max_atmosphering_speed": "1050",
        "crew": "3",
        "length": "29.2",
        "model": "J-type star skiff",
        "cost_in_credits": "unknown",
        "manufacturer": "Theed Palace Space Vessel Engineering Corps/Nubia Star Drives, Incorporated"
    },
    "model": "resources.transport",
    "pk": 64
},
{
    "fields": {
        "edited": "2014-12-20T21:23:49.951Z",
        "consumables": "2 days",
        "name": "Jedi Interceptor",
        "created": "2014-12-20T19:56:57.468Z",
        "cargo_capacity": "60",
        "passengers": "0",
        "max_atmosphering_speed": "1500",
        "crew": "1",
        "length": "5.47",
        "model": "Eta-2 Actis-class light interceptor",
        "cost_in_credits": "320000",
        "manufacturer": "Kuat Systems Engineering"
    },
    "model": "resources.transport",
    "pk": 65
},
{
    "fields": {
        "edited": "2014-12-20T21:23:49.953Z",
        "consumables": "5 days",
        "name": "arc-170",
        "created": "2014-12-20T20:03:48.603Z",
        "cargo_capacity": "110",
        "passengers": "0",
        "max_atmosphering_speed": "1000",
        "crew": "3",
        "length": "14.5",
        "model": "Aggressive Reconnaissance-170 starfighte",
        "cost_in_credits": "155000",
        "manufacturer": "Incom Corporation, Subpro Corporation"
    },
    "model": "resources.transport",
    "pk": 66
},
{
    "fields": {
        "edited": "2014-12-20T21:30:21.752Z",
        "consumables": "none",
        "name": "Droid tri-fighter",
        "created": "2014-12-20T20:05:19.992Z",
        "cargo_capacity": "0",
        "passengers": "0",
        "max_atmosphering_speed": "1180",
        "crew": "1",
        "length": "5.4",
        "model": "tri-fighter",
        "cost_in_credits": "20000",
        "manufacturer": "Colla Designs, Phlac-Arphocc Automata Industries"
    },
    "model": "resources.transport",
    "pk": 67
},
{
    "fields": {
        "edited": "2014-12-20T21:23:49.956Z",
        "consumables": "2 years",
        "name": "Banking clan frigte",
        "created": "2014-12-20T20:07:11.538Z",
        "cargo_capacity": "40000000",
        "passengers": "unknown",
        "max_atmosphering_speed": "unknown",
        "crew": "200",
        "length": "825",
        "model": "Munificent-class star frigate",
        "cost_in_credits": "57000000",
        "manufacturer": "Hoersch-Kessel Drive, Inc, Gwori Revolutionary Industries"
    },
    "model": "resources.transport",
    "pk": 68
},
{
    "fields": {
        "edited": "2014-12-20T21:30:21.756Z",
        "consumables": "3 days",
        "name": "Oevvaor jet catamaran",
        "created": "2014-12-20T20:20:53.931Z",
        "cargo_capacity": "50",
        "passengers": "2",
        "max_atmosphering_speed": "420",
        "crew": "2",
        "length": "15.1",
        "model": "Oevvaor jet catamaran",
        "cost_in_credits": "12125",
        "manufacturer": "Appazanna Engineering Works"
    },
    "model": "resources.transport",
    "pk": 69
},
{
    "fields": {
        "edited": "2014-12-20T21:30:21.759Z",
        "consumables": "none",
        "name": "Raddaugh Gnasp fluttercraft",
        "created": "2014-12-20T20:21:55.648Z",
        "cargo_capacity": "20",
        "passengers": "0",
        "max_atmosphering_speed": "310",
        "crew": "2",
        "length": "7",
        "model": "Raddaugh Gnasp fluttercraft",
        "cost_in_credits": "14750",
        "manufacturer": "Appazanna Engineering Works"
    },
    "model": "resources.transport",
    "pk": 70
},
{
    "fields": {
        "edited": "2014-12-20T21:30:21.762Z",
        "consumables": "20 days",
        "name": "Clone turbo tank",
        "created": "2014-12-20T20:24:45.587Z",
        "cargo_capacity": "30000",
        "passengers": "300",
        "max_atmosphering_speed": "160",
        "crew": "20",
        "length": "49.4",
        "model": "HAVw A6 Juggernaut",
        "cost_in_credits": "350000",
        "manufacturer": "Kuat Drive Yards"
    },
    "model": "resources.transport",
    "pk": 71
},
{
    "fields": {
        "edited": "2014-12-20T21:30:21.765Z",
        "consumables": "none",
        "name": "Corporate Alliance tank droid",
        "created": "2014-12-20T20:26:55.522Z",
        "cargo_capacity": "none",
        "passengers": "4",
        "max_atmosphering_speed": "100",
        "crew": "0",
        "length": "10.96",
        "model": "NR-N99 Persuader-class droid enforcer",
        "cost_in_credits": "49000",
        "manufacturer": "Techno Union"
    },
    "model": "resources.transport",
    "pk": 72
},
{
    "fields": {
        "edited": "2014-12-20T21:30:21.768Z",
        "consumables": "none",
        "name": "Droid gunship",
        "created": "2014-12-20T20:32:05.687Z",
        "cargo_capacity": "0",
        "passengers": "0",
        "max_atmosphering_speed": "820",
        "crew": "0",
        "length": "12.3",
        "model": "HMP droid gunship",
        "cost_in_credits": "60000",
        "manufacturer": "Baktoid Fleet Ordnance, Haor Chall Engineering"
    },
    "model": "resources.transport",
    "pk": 73
},
{
    "fields": {
        "edited": "2014-12-20T21:23:49.959Z",
        "consumables": "7 days",
        "name": "Belbullab-22 starfighter",
        "created": "2014-12-20T20:38:05.031Z",
        "cargo_capacity": "140",
        "passengers": "0",
        "max_atmosphering_speed": "1100",
        "crew": "1",
        "length": "6.71",
        "model": "Belbullab-22 starfighter",
        "cost_in_credits": "168000",
        "manufacturer": "Feethan Ottraw Scalable Assemblies"
    },
    "model": "resources.transport",
    "pk": 74
},
{
    "fields": {
        "edited": "2014-12-20T21:23:49.961Z",
        "consumables": "15 hours",
        "name": "V-wing",
        "created": "2014-12-20T20:43:04.349Z",
        "cargo_capacity": "60",
        "passengers": "0",
        "max_atmosphering_speed": "1050",
        "crew": "1",
        "length": "7.9",
        "model": "Alpha-3 Nimbus-class V-wing starfighter",
        "cost_in_credits": "102500",
        "manufacturer": "Kuat Systems Engineering"
    },
    "model": "resources.transport",
    "pk": 75
},
{
    "fields": {
        "edited": "2014-12-20T21:30:21.772Z",
        "consumables": "1 day",
        "name": "AT-RT",
        "created": "2014-12-20T20:47:49.189Z",
        "cargo_capacity": "20",
        "passengers": "0",
        "max_atmosphering_speed": "90",
        "crew": "1",
        "length": "3.2",
        "model": "All Terrain Recon Transport",
        "cost_in_credits": "40000",
        "manufacturer": "Kuat Drive Yards"
    },
    "model": "resources.transport",
    "pk": 76
}
]
